{
	"WorldSecondaryAxis": [0, 1, 0],
	"SecondaryAxis": [0, 1, 0],
	"WorldAxis": [1, 0, 0],
	"WorldCFrame": [61.45001220703125, 44.97720718383789, 876.25, 1, 0, 0, 0, 1, 0, 0, 0, 1],
	"Class": "Attachment",
	"CFrame": [0, 0, 0, 1, 0, 0, 0, 1, 0, 0, 0, 1],
	"Axis": [1, 0, 0]
}