{
	"Shadows": true,
	"Color": [0.21176472306251526, 0.15294118225574493, 0.7019608020782471],
	"Brightness": 38.13999938964844,
	"Range": 60,
	"Class": "PointLight"
}